name,price,price_Y
A Light in the Attic,£51.77,￥441.64
Tipping the Velvet,£53.74,￥458.45
Soumission,£50.10,￥427.40
Sharp Objects,£47.82,￥407.95
Sapiens: A Brief History of Humankind,£54.23,￥462.63
The Requiem Red,£22.65,￥193.22
The Dirty Little Secrets of Getting Your Dream Job,£33.34,￥284.42
"The Coming Woman: A Novel Based on the Life of the Infamous Feminist, Victoria Woodhull",£17.93,￥152.96
The Boys in the Boat: Nine Americans and Their Epic Quest for Gold at the 1936 Berlin Olympics,£22.60,￥192.80
The Black Maria,£52.15,￥444.89
"Starving Hearts (Triangular Trade Trilogy, #1)",£13.99,￥119.35
Shakespeare's Sonnets,£20.66,￥176.25
Set Me Free,£17.46,￥148.95
Scott Pilgrim's Precious Little Life (Scott Pilgrim #1),£52.29,￥446.08
Rip it Up and Start Again,£35.02,￥298.75
"Our Band Could Be Your Life: Scenes from the American Indie Underground, 1981-1991",£57.25,￥488.39
Olio,£23.88,￥203.72
Mesaerion: The Best Science Fiction Stories 1800-1849,£37.59,￥320.68
Libertarianism for Beginners,£51.33,￥437.89
It's Only the Himalayas,£45.17,￥385.34
In Her Wake,£12.84,￥109.54
How Music Works,£37.32,￥318.37
"Foolproof Preserving: A Guide to Small Batch Jams, Jellies, Pickles, Condiments, and More: A Foolproof Guide to Making Small Batch Jams, Jellies, Pickles, Condiments, and More",£30.52,￥260.36
Chase Me (Paris Nights #2),£25.27,￥215.58
Black Dust,£34.53,￥294.57
Birdsong: A Story in Pictures,£54.64,￥466.13
America's Cradle of Quarterbacks: Western Pennsylvania's Football Factory from Johnny Unitas to Joe Montana,£22.50,￥191.95
Aladdin and His Wonderful Lamp,£53.13,￥453.25
Worlds Elsewhere: Journeys Around Shakespeare’s Globe,£40.30,￥343.80
Wall and Piece,£44.18,￥376.90
The Four Agreements: A Practical Guide to Personal Freedom,£17.66,￥150.66
The Five Love Languages: How to Express Heartfelt Commitment to Your Mate,£31.05,￥264.88
The Elephant Tree,£23.82,￥203.21
The Bear and the Piano,£36.89,￥314.70
Sophie's World,£15.94,￥135.98
Penny Maybe,£33.29,￥283.99
Maude (1883-1993):She Grew Up with the country,£18.02,￥153.73
"In a Dark, Dark Wood",£19.63,￥167.46
Behind Closed Doors,£52.22,￥445.48
You can't bury them all: Poems,£33.63,￥286.89
Slow States of Collapse: Poems,£57.31,￥488.91
Reasons to Stay Alive,£26.41,￥225.30
Private Paris (Private #10),£47.61,￥406.16
#HigherSelfie: Wake Up Your Life. Free Your Soul. Find Your Tribe.,£23.11,￥197.15
Without Borders (Wanderlove #1),£45.07,￥384.49
When We Collided,£31.77,￥271.03
"We Love You, Charlie Freeman",£50.27,￥428.85
Untitled Collection: Sabbath Poems 2014,£14.27,￥121.74
"Unseen City: The Majesty of Pigeons, the Discreet Charm of Snails & Other Wonders of the Urban Wilderness",£44.18,￥376.90
Unicorn Tracks,£18.78,￥160.21
"Unbound: How Eight Technologies Made Us Human, Transformed Society, and Brought Our World to the Brink",£25.52,￥217.71
Tsubasa: WoRLD CHRoNiCLE 2 (Tsubasa WoRLD CHRoNiCLE #2),£16.28,￥138.88
Throwing Rocks at the Google Bus: How Growth Became the Enemy of Prosperity,£31.12,￥265.48
This One Summer,£19.49,￥166.27
Thirst,£17.27,￥147.33
The Torch Is Passed: A Harding Family Story,£19.09,￥162.85
The Secret of Dreadwillow Carse,£56.13,￥478.84
"The Pioneer Woman Cooks: Dinnertime: Comfort Classics, Freezer Food, 16-Minute Meals, and Other Delicious Ways to Solve Supper!",£56.41,￥481.23
The Past Never Ends,£56.50,￥482.00
The Natural History of Us (The Fine Art of Pretending #2),£45.22,￥385.77
The Nameless City (The Nameless City #1),£38.16,￥325.54
The Murder That Never Was (Forensic Instincts #5),£54.11,￥461.61
The Most Perfect Thing: Inside (and Outside) a Bird's Egg,£42.96,￥366.49
"The Mindfulness and Acceptance Workbook for Anxiety: A Guide to Breaking Free from Anxiety, Phobias, and Worry Using Acceptance and Commitment Therapy",£23.89,￥203.80
The Life-Changing Magic of Tidying Up: The Japanese Art of Decluttering and Organizing,£16.77,￥143.06
"The Inefficiency Assassin: Time Management Tactics for Working Smarter, Not Longer",£20.59,￥175.65
The Gutsy Girl: Escapades for Your Life of Epic Adventure,£37.13,￥316.75
The Electric Pencil: Drawings from Inside State Hospital No. 3,£56.06,￥478.24
The Death of Humanity: and the Case for Life,£58.11,￥495.73
"The Bulletproof Diet: Lose up to a Pound a Day, Reclaim Energy and Focus, Upgrade Your Life",£49.05,￥418.44
The Art Forger,£40.76,￥347.72
The Age of Genius: The Seventeenth Century and the Birth of the Modern Mind,£19.73,￥168.31
The Activist's Tao Te Ching: Ancient Advice for a Modern Revolution,£32.24,￥275.04
Spark Joy: An Illustrated Master Class on the Art of Organizing and Tidying Up,£41.83,￥356.85
Soul Reader,£39.58,￥337.65
Security,£39.25,￥334.84
"Saga, Volume 6 (Saga (Collected Editions) #6)",£25.02,￥213.44
"Saga, Volume 5 (Saga (Collected Editions) #5)",£51.04,￥435.42
Reskilling America: Learning to Labor in the Twenty-First Century,£19.83,￥169.17
"Rat Queens, Vol. 3: Demons (Rat Queens (Collected Editions) #11-15)",£50.40,￥429.96
"Princess Jellyfish 2-in-1 Omnibus, Vol. 01 (Princess Jellyfish 2-in-1 Omnibus #1)",£13.61,￥116.11
Princess Between Worlds (Wide-Awake Princess #5),£13.34,￥113.80
"Pop Gun War, Volume 1: Gift",£18.97,￥161.83
"Political Suicide: Missteps, Peccadilloes, Bad Calls, Backroom Hijinx, Sordid Pasts, Rotten Breaks, and Just Plain Dumb Mistakes in the Annals of American Politics",£36.28,￥309.50
Patience,£10.16,￥86.67
"Outcast, Vol. 1: A Darkness Surrounds Him (Outcast #1)",£15.44,￥131.72
orange: The Complete Collection 1 (orange: The Complete Collection #1),£48.41,￥412.98
Online Marketing for Busy Authors: A Step-By-Step Guide,£46.35,￥395.41
On a Midnight Clear,£14.07,￥120.03
Obsidian (Lux #1),£14.86,￥126.77
My Paris Kitchen: Recipes and Stories,£33.37,￥284.68
Masks and Shadows,£56.40,￥481.14
"Mama Tried: Traditional Italian Cooking for the Screwed, Crude, Vegan, and Tattooed",£14.02,￥119.60
"Lumberjanes, Vol. 2: Friendship to the Max (Lumberjanes #5-8)",£46.91,￥400.18
"Lumberjanes, Vol. 1: Beware the Kitten Holy (Lumberjanes #1-4)",£45.61,￥389.09
Lumberjanes Vol. 3: A Terrible Plan (Lumberjanes #9-12),£19.92,￥169.94
"Layered: Baking, Building, and Styling Spectacular Cakes",£40.11,￥342.17
Judo: Seven Steps to Black Belt (an Introductory Guide for Beginners),£53.90,￥459.82
Join,£35.67,￥304.30
In the Country We Love: My Family Divided,£22.00,￥187.68
Immunity: How Elie Metchnikoff Changed the Course of Modern Medicine,£57.36,￥489.33
"I Hate Fairyland, Vol. 1: Madly Ever After (I Hate Fairyland (Compilations) #1-5)",£29.17,￥248.85
I am a Hero Omnibus Volume 1,£54.63,￥466.04
How to Be Miserable: 40 Strategies You Already Use,£46.03,￥392.68
Her Backup Boyfriend (The Sorensen Family #1),£33.97,￥289.79
"Giant Days, Vol. 2 (Giant Days #5-8)",£22.11,￥188.62
Forever and Forever: The Courtship of Henry Longfellow and Fanny Appleton,£29.69,￥253.28
First and First (Five Boroughs #3),£15.97,￥136.24
Fifty Shades Darker (Fifty Shades #2),£21.96,￥187.34
Everydata: The Misinformation Hidden in the Little Data You Consume Every Day,£54.35,￥463.65
"Don't Be a Jerk: And Other Practical Advice from Dogen, Japan's Greatest Zen Master",£37.97,￥323.92
Danganronpa Volume 1,£51.99,￥443.52
Crown of Midnight (Throne of Glass #2),£43.29,￥369.30
"Codename Baboushka, Volume 1: The Conclave of Death",£36.72,￥313.25
Camp Midnight,£17.08,￥145.71
Call the Nurse: True Stories of a Country Nurse on a Scottish Isle,£29.14,￥248.59
Burning,£28.81,￥245.78
Bossypants,£49.46,￥421.94
"Bitch Planet, Vol. 1: Extraordinary Machine (Bitch Planet (Collected Editions))",£37.92,￥323.49
"Avatar: The Last Airbender: Smoke and Shadow, Part 3 (Smoke and Shadow #3)",£28.09,￥239.63
Algorithms to Live By: The Computer Science of Human Decisions,£30.81,￥262.84
A World of Flavor: Your Gluten Free Passport,£42.95,￥366.40
"A Piece of Sky, a Grain of Rice: A Memoir in Four Meditations",£56.76,￥484.21
A Murder in Time,£16.64,￥141.95
A Flight of Arrows (The Pathfinders #2),£55.53,￥473.72
A Fierce and Subtle Poison,£28.13,￥239.97
A Court of Thorns and Roses (A Court of Thorns and Roses #1),£52.37,￥446.76
(Un)Qualified: How God Uses Broken People to Do Big Things,£54.00,￥460.67
You Are What You Love: The Spiritual Power of Habit,£21.87,￥186.57
"William Shakespeare's Star Wars: Verily, A New Hope (William Shakespeare's Star Wars #4)",£43.30,￥369.39
Tuesday Nights in 1980,£21.04,￥179.49
Tracing Numbers on a Train,£41.60,￥354.89
Throne of Glass (Throne of Glass #1),£35.07,￥299.18
Thomas Jefferson and the Tripoli Pirates: The Forgotten War That Changed American History,£59.64,￥508.78
Thirteen Reasons Why,£52.72,￥449.75
The White Cat and the Monk: A Retelling of the Poem “Pangur Bán”,£58.08,￥495.47
The Wedding Dress,£24.12,￥205.77
The Vacationers,£42.15,￥359.58
The Third Wave: An Entrepreneur’s Vision of the Future,£12.61,￥107.57
The Stranger,£17.44,￥148.78
The Shadow Hero (The Shadow Hero),£33.14,￥282.71
The Secret (The Secret #1),£27.37,￥233.49
The Regional Office Is Under Attack!,£51.36,￥438.15
The Psychopath Test: A Journey Through the Madness Industry,£36.00,￥307.11
The Project,£10.65,￥90.85
The Power of Now: A Guide to Spiritual Enlightenment,£43.54,￥371.44
The Omnivore's Dilemma: A Natural History of Four Meals,£38.21,￥325.97
The Nerdy Nummies Cookbook: Sweet Treats for the Geek in All of Us,£37.34,￥318.54
The Murder of Roger Ackroyd (Hercule Poirot #4),£44.10,￥376.21
The Mistake (Off-Campus #2),£43.29,￥369.30
The Matchmaker's Playbook (Wingmen Inc. #1),£55.85,￥476.45
The Love and Lemons Cookbook: An Apple-to-Zucchini Celebration of Impromptu Cooking,£37.60,￥320.76
The Long Shadow of Small Ghosts: Murder and Memory in an American City,£10.97,￥93.58
The Kite Runner,£41.82,￥356.76
The House by the Lake,£36.95,￥315.22
The Glittering Court (The Glittering Court #1),£44.28,￥377.75
The Girl on the Train,£55.02,￥469.37
The Genius of Birds,£17.24,￥147.07
The Emerald Mystery,£23.15,￥197.49
The Cookies & Cups Cookbook: 125+ sweet & savory recipes reminding you to Always Eat Dessert First,£41.25,￥351.90
The Bridge to Consciousness: I'm Writing the Bridge Between Science and Our Old and New Beliefs.,£32.00,￥272.99
The Artist's Way: A Spiritual Path to Higher Creativity,£38.49,￥328.35
The Art of War,£33.34,￥284.42
The Argonauts,£10.93,￥93.24
The 10% Entrepreneur: Live Your Startup Dream Without Quitting Your Day Job,£27.55,￥235.03
Suddenly in Love (Lake Haven #1),£55.99,￥477.65
Something More Than This,£16.24,￥138.54
Soft Apocalypse,£26.12,￥222.83
So You've Been Publicly Shamed,£12.23,￥104.33
Shoe Dog: A Memoir by the Creator of NIKE,£23.99,￥204.66
"Shobu Samurai, Project Aryoku (#3)",£29.06,￥247.91
Secrets and Lace (Fatal Hearts #1),£20.27,￥172.92
Scarlett Epstein Hates It Here,£43.55,￥371.52
Romero and Juliet: A Tragic Tale of Love and Zombies,£36.94,￥315.13
Redeeming Love,£20.47,￥174.63
Poses for Artists Volume 1 - Dynamic and Sitting Poses: An Essential Reference for Figure Drawing and the Human Form,£41.06,￥350.28
Poems That Make Grown Women Cry,£14.19,￥121.05
"Nightingale, Sing",£38.28,￥326.56
Night Sky with Exit Wounds,£41.05,￥350.19
Mrs. Houdini,£30.25,￥258.06
Modern Romance,£28.26,￥241.08
Miss Peregrine’s Home for Peculiar Children (Miss Peregrine’s Peculiar Children #1),£10.76,￥91.79
Louisa: The Extraordinary Life of Mrs. Adams,£16.85,￥143.75
Little Red,£13.47,￥114.91
Library of Souls (Miss Peregrine’s Peculiar Children #3),£48.56,￥414.26
Large Print Heart of the Pride,£19.15,￥163.37
I Had a Nice Time And Other Lies...: How to find love & sh*t like that,£57.36,￥489.33
Hollow City (Miss Peregrine’s Peculiar Children #2),£42.98,￥366.66
Grumbles,£22.16,￥189.04
Full Moon over Noah’s Ark: An Odyssey to Mount Ararat and Beyond,£49.43,￥421.68
Frostbite (Vampire Academy #2),£29.99,￥255.84
Follow You Home,£21.36,￥182.22
First Steps for New Christians (Print Edition),£29.00,￥247.40
Finders Keepers (Bill Hodges Trilogy #2),£53.53,￥456.66
"Fables, Vol. 1: Legends in Exile (Fables #1)",£41.62,￥355.06
Eureka Trivia 6.0,£54.59,￥465.70
Drive: The Surprising Truth About What Motivates Us,£34.95,￥298.15
Done Rubbed Out (Reightman & Bailey #1),£37.72,￥321.79
Doing It Over (Most Likely To #1),£35.61,￥303.79
"Deliciously Ella Every Day: Quick and Easy Recipes for Gluten-Free Snacks, Packed Lunches, and Simple Meals",£42.16,￥359.66
Dark Notes,£19.19,￥163.71
"Daring Greatly: How the Courage to Be Vulnerable Transforms the Way We Live, Love, Parent, and Lead",£19.43,￥165.76
Close to You,£49.46,￥421.94
Chasing Heaven: What Dying Taught Me About Living,£37.80,￥322.47
Big Magic: Creative Living Beyond Fear,£30.80,￥262.75
Becoming Wise: An Inquiry into the Mystery and Art of Living,£27.43,￥234.00
Beauty Restored (Riley Family Legacy Novellas #3),£11.11,￥94.78
Batman: The Long Halloween (Batman),£36.50,￥311.38
Batman: The Dark Knight Returns (Batman),£15.38,￥131.21
Ayumi's Violin,£15.48,￥132.06
Anonymous,£46.82,￥399.42
Amy Meets the Saints and Sages,£18.46,￥157.48
Amid the Chaos,£36.58,￥312.06
Amatus,£50.54,￥431.15
Agnostic: A Spirited Manifesto,£12.51,￥106.72
Zealot: The Life and Times of Jesus of Nazareth,£24.70,￥210.71
You (You #1),£43.61,￥372.03
"Wonder Woman: Earth One, Volume One (Wonder Woman: Earth One #1)",£37.34,￥318.54
Wild Swans,£14.36,￥122.50
Why the Right Went Wrong: Conservatism--From Goldwater to the Tea Party and Beyond,£52.65,￥449.15
Whole Lotta Creativity Going On: 60 Fun and Unusual Exercises to Awaken and Strengthen Your Creativity,£38.20,￥325.88
What's It Like in Space?: Stories from Astronauts Who've Been There,£19.60,￥167.21
"We Are Robin, Vol. 1: The Vigilante Business (We Are Robin #1)",£53.90,￥459.82
Walt Disney's Alice in Wonderland,£12.96,￥110.56
V for Vendetta (V for Vendetta Complete),£37.10,￥316.50
Until Friday Night (The Field Party #1),£46.31,￥395.07
"Unbroken: A World War II Story of Survival, Resilience, and Redemption",£45.95,￥391.99
Twenty Yawns,£22.08,￥188.36
Through the Woods,£25.38,￥216.51
This Is Where It Ends,£27.12,￥231.36
The Year of Magical Thinking,£43.04,￥367.17
The Wright Brothers,£56.80,￥484.56
The White Queen (The Cousins' War #1),£25.91,￥221.04
The Wedding Pact (The O'Malleys #2),£32.61,￥278.19
The Time Keeper,£27.88,￥237.84
The Testament of Mary,£52.67,￥449.32
The Star-Touched Queen,£46.02,￥392.59
The Songs of the Gods,£44.48,￥379.45
The Song of Achilles,£37.40,￥319.06
The Rosie Project (Don Tillman #1),£54.04,￥461.01
The Power of Habit: Why We Do What We Do in Life and Business,£16.88,￥144.00
The Marriage of Opposites,£28.08,￥239.55
The Lucifer Effect: Understanding How Good People Turn Evil,£10.40,￥88.72
The Long Haul (Diary of a Wimpy Kid #9),£44.07,￥375.96
The Loney,£23.40,￥199.62
The Literature Book (Big Ideas Simply Explained),£17.43,￥148.69
The Last Mile (Amos Decker #2),£54.21,￥462.46
The Immortal Life of Henrietta Lacks,£40.67,￥346.95
The Hidden Oracle (The Trials of Apollo #1),£52.26,￥445.82
The Help Yourself Cookbook for Kids: 60 Easy Plant-Based Recipes Kids Can Make to Stay Healthy and Save the Earth,£28.77,￥245.43
The Guilty (Will Robie #4),£13.82,￥117.90
The First Hostage (J.B. Collins #2),£25.85,￥220.52
The Dovekeepers,£48.78,￥416.14
The Darkest Lie,£35.35,￥301.57
The Bane Chronicles (The Bane Chronicles #1-11),£44.73,￥381.59
The Bad-Ass Librarians of Timbuktu: And Their Race to Save the World’s Most Precious Manuscripts,£15.77,￥134.53
The 14th Colony (Cotton Malone #11),£39.24,￥334.75
That Darkness (Gardiner and Renner #1),£13.92,￥118.75
Tastes Like Fear (DI Marnie Rome #3),£10.69,￥91.20
Take Me with You,£45.21,￥385.68
Swell: A Year of Waves,£45.58,￥388.84
Superman Vol. 1: Before Truth (Superman by Gene Luen Yang #1),£11.89,￥101.43
Still Life with Bread Crumbs,£26.41,￥225.30
Steve Jobs,£39.50,￥336.97
Sorting the Beef from the Bull: The Science of Food Fraud Forensics,£44.74,￥381.67
Someone Like You (The Harrisons #2),£52.79,￥450.35
"So Cute It Hurts!!, Vol. 6 (So Cute It Hurts!! #6)",£35.43,￥302.25
Shtum,£55.84,￥476.37
See America: A Celebration of Our National Parks & Treasured Sites,£48.87,￥416.91
salt.,£46.78,￥399.08
Robin War,£47.82,￥407.95
"Red Hood/Arsenal, Vol. 1: Open for Business (Red Hood/Arsenal #1)",£25.48,￥217.37
Rain Fish,£23.57,￥201.07
"Quarter Life Poetry: Poems for the Young, Broke and Hangry",£50.89,￥434.14
Pet Sematary,£10.56,￥90.09
"Overload: How to Unplug, Unwind, and Unleash Yourself from the Pressure of Stress",£52.15,￥444.89
Once Was a Time,£18.28,￥155.94
Old School (Diary of a Wimpy Kid #10),£11.83,￥100.92
No Dream Is Too High: Life Lessons From a Man Who Walked on the Moon,£21.95,￥187.25
"Naruto (3-in-1 Edition), Vol. 14: Includes Vols. 40, 41 & 42 (Naruto: Omnibus #14)",£38.39,￥327.50
My Name Is Lucy Barton,£41.56,￥354.54
My Mrs. Brown,£24.48,￥208.84
My Kind of Crazy,£40.36,￥344.31
Mr. Mercedes (Bill Hodges Trilogy #1),£28.90,￥246.54
More Than Music (Chasing the Dream #1),£37.61,￥320.85
Made to Stick: Why Some Ideas Survive and Others Die,£38.85,￥331.43
Luis Paints the World,£53.95,￥460.24
Luckiest Girl Alive,£49.83,￥425.09
Lowriders to the Center of the Earth (Lowriders in Space #2),£51.51,￥439.43
Love Is a Mix Tape (Music #1),£18.03,￥153.81
Looking for Lovely: Collecting the Moments that Matter,£29.14,￥248.59
"Living Leadership by Insight: A Good Leader Achieves, a Great Leader Builds Monuments",£46.91,￥400.18
Let It Out: A Journey Through Journaling,£26.79,￥228.54
Lady Midnight (The Dark Artifices #1),£16.28,￥138.88
"It's All Easy: Healthy, Delicious Weeknight Meals in under 30 Minutes",£19.55,￥166.78
Island of Dragons (Unwanteds #7),£29.65,￥252.94
I Know What I'm Doing -- and Other Lies I Tell Myself: Dispatches from a Life Under Construction,£25.98,￥221.63
I Am Pilgrim (Pilgrim #1),£10.60,￥90.43
"Hyperbole and a Half: Unfortunate Situations, Flawed Coping Mechanisms, Mayhem, and Other Things That Happened",£14.75,￥125.83
"Hush, Hush (Hush, Hush #1)",£47.02,￥401.12
Hold Your Breath (Search and Rescue #1),£28.82,￥245.86
Hamilton: The Revolution,£58.79,￥501.53
Greek Mythic History,£10.23,￥87.27
God: The Most Unpleasant Character in All Fiction,£30.03,￥256.18
Glory over Everything: Beyond The Kitchen House,£45.84,￥391.06
Feathers: Displays of Brilliant Plumage,£49.05,￥418.44
"Far & Away: Places on the Brink of Change: Seven Continents, Twenty-Five Years",£15.06,￥128.48
Every Last Word,£46.47,￥396.43
Eligible (The Austen Project #4),£27.09,￥231.10
El Deafo,£57.62,￥491.55
Eight Hundred Grapes,£14.39,￥122.76
"Eaternity: More than 150 Deliciously Easy Vegan Recipes for a Long, Healthy, Satisfied, Joyful Life",£51.75,￥441.47
"Eat Fat, Get Thin",£54.07,￥461.27
Don't Get Caught,£55.35,￥472.19
Doctor Sleep (The Shining #2),£40.12,￥342.26
Demigods & Magicians: Percy and Annabeth Meet the Kanes (Percy Jackson & Kane Chronicles Crossover #1-3),£37.51,￥319.99
Dear Mr. Knightley,£11.21,￥95.63
Daily Fantasy Sports,£36.58,￥312.06
Crazy Love: Overwhelmed by a Relentless God,£47.72,￥407.09
Cometh the Hour (The Clifton Chronicles #6),£25.01,￥213.36
Code Name Verity (Code Name Verity #1),£22.13,￥188.79
Clockwork Angel (The Infernal Devices #1),£44.14,￥376.55
City of Glass (The Mortal Instruments #3),£56.02,￥477.90
City of Fallen Angels (The Mortal Instruments #4),£11.23,￥95.80
City of Bones (The Mortal Instruments #1),£43.28,￥369.22
City of Ashes (The Mortal Instruments #2),£47.27,￥403.26
Cell,£20.29,￥173.09
Catching Jordan (Hundred Oaks),£50.83,￥433.63
"Carry On, Warrior: Thoughts on Life Unarmed",£31.85,￥271.71
Carrie,£46.23,￥394.38
Buying In: The Secret Dialogue Between What We Buy and Who We Are,£37.80,￥322.47
Brain on Fire: My Month of Madness,£49.32,￥420.74
Batman: Europa,£32.01,￥273.07
Barefoot Contessa Back to Basics,£28.01,￥238.95
Barefoot Contessa at Home: Everyday Recipes You'll Make Over and Over Again,£50.62,￥431.83
Balloon Animals,£17.03,￥145.28
Art Ops Vol. 1,£48.80,￥416.31
Aristotle and Dante Discover the Secrets of the Universe (Aristotle and Dante Discover the Secrets of the Universe #1),£58.14,￥495.99
Angels Walking (Angels Walking #1),£34.20,￥291.76
Angels & Demons (Robert Langdon #1),£51.48,￥439.17
All the Light We Cannot See,£29.87,￥254.82
"Adulthood Is a Myth: A ""Sarah's Scribbles"" Collection",£10.90,￥92.99
Abstract City,£56.37,￥480.89
A Time of Torment (Charlie Parker #14),£48.35,￥412.47
A Study in Scarlet (Sherlock Holmes #1),£16.73,￥142.72
"A Series of Catastrophes and Miracles: A True Story of Love, Science, and Cancer",£56.48,￥481.83
A People's History of the United States,£40.79,￥347.98
A Man Called Ove,£39.72,￥338.85
A Distant Mirror: The Calamitous 14th Century,£14.58,￥124.38
A Brush of Wings (Angels Walking #3),£55.51,￥473.55
1491: New Revelations of the Americas Before Columbus,£21.80,￥185.97
"The Three Searches, Meaning, and the Story",£13.33,￥113.72
Searching for Meaning in Gailana,£38.73,￥330.40
Rook,£37.86,￥322.98
My Kitchen Year: 136 Recipes That Saved My Life,£11.53,￥98.36
13 Hours: The Inside Account of What Really Happened In Benghazi,£27.06,￥230.85
Will You Won't You Want Me?,£13.86,￥118.24
Tipping Point for Planet Earth: How Close Are We to the Edge?,£37.55,￥320.34
The Silent Sister (Riley MacPherson #1),£46.29,￥394.90
The Midnight Watch: A Novel of the Titanic and the Californian,£26.20,￥223.51
The Lonely City: Adventures in the Art of Being Alone,£33.26,￥283.74
The Gray Rhino: How to Recognize and Act on the Obvious Dangers We Ignore,£59.15,￥504.60
The Golden Condom: And Other Essays on Love Lost and Found,£39.43,￥336.37
The Epidemic (The Program 0.6),£14.44,￥123.19
The Dinner Party,£56.54,￥482.34
The Diary of a Young Girl,£59.90,￥511.00
The Children,£11.88,￥101.35
Stars Above (The Lunar Chronicles #4.5),£48.05,￥409.91
Snatched: How A Drug Queen Went Undercover for the DEA and Was Kidnapped By Colombian Guerillas,£21.21,￥180.94
Raspberry Pi Electronics Projects for the Evil Genius,£49.67,￥423.73
Quench Your Own Thirst: Business Lessons Learned Over a Beer or Two,£43.14,￥368.02
Psycho: Sanitarium (Psycho #1.5),£36.97,￥315.39
Poisonous (Max Revere Novels #3),£26.80,￥228.63
One with You (Crossfire #5),£15.71,￥134.02
No Love Allowed (Dodge Cove #1),£54.65,￥466.21
Murder at the 42nd Street Library (Raymond Ambler #1),£54.36,￥463.74
Most Wanted,£35.28,￥300.97
"Love, Lies and Spies",£20.55,￥175.31
How to Speak Golf: An Illustrated Guide to Links Lingo,£58.32,￥497.52
Hide Away (Eve Duncan #20),£11.84,￥101.01
Furiously Happy: A Funny Book About Horrible Things,£41.46,￥353.69
Everyday Italian: 125 Simple and Delicious Recipes,£20.10,￥171.47
Equal Is Unfair: America's Misguided Fight Against Income Inequality,£56.86,￥485.07
Eleanor & Park,£56.51,￥482.08
Dirty (Dive Bar #1),£40.83,￥348.32
Can You Keep a Secret? (Fear Street Relaunch #4),£48.64,￥414.94
Boar Island (Anna Pigeon #19),£59.48,￥507.42
A Paris Apartment,£39.01,￥332.79
"A la Mode: 120 Recipes in 60 Pairings: Pies, Tarts, Cakes, Crisps, and More Topped with Ice Cream, Gelato, Frozen Custard, and More",£38.77,￥330.74
Troublemaker: Surviving Hollywood and Scientology,£48.39,￥412.81
The Widow,£27.26,￥232.55
"The Sleep Revolution: Transforming Your Life, One Night at a Time",£11.68,￥99.64
The Improbability of Love,£59.45,￥507.16
The Art of Startup Fundraising,£21.00,￥179.15
Take Me Home Tonight (Rock Star Romance #3),£53.98,￥460.50
Sleeping Giants (Themis Files #1),£48.74,￥415.80
"Setting the World on Fire: The Brief, Astonishing Life of St. Catherine of Siena",£21.15,￥180.43
Playing with Fire,£13.71,￥116.96
Off the Hook (Fishing for Trouble #1),£47.67,￥406.67
Mothering Sunday,£13.34,￥113.80
"Mother, Can You Not?",£16.89,￥144.09
M Train,£27.18,￥231.87
Lilac Girls,£17.28,￥147.41
Lies and Other Acts of Love,£45.14,￥385.08
Lab Girl,£40.85,￥348.49
Keep Me Posted,£20.46,￥174.54
It Didn't Start with You: How Inherited Family Trauma Shapes Who We Are and How to End the Cycle,£56.27,￥480.03
Grey (Fifty Shades #4),£48.49,￥413.66
"Exit, Pursued by a Bear",£51.34,￥437.98
Daredevils,£16.34,￥139.39
Cravings: Recipes for What You Want to Eat,£20.50,￥174.88
Born for This: How to Find the Work You Were Meant to Do,£21.59,￥184.18
Arena,£21.36,￥182.22
Adultery,£20.88,￥178.13
A Mother's Reckoning: Living in the Aftermath of Tragedy,£19.53,￥166.61
A Gentleman's Position (Society of Gentlemen #3),£14.75,￥125.83
11/22/63,£48.48,￥413.58
"10% Happier: How I Tamed the Voice in My Head, Reduced Stress Without Losing My Edge, and Found Self-Help That Actually Works",£24.57,￥209.60
10-Day Green Smoothie Cleanse: Lose Up to 15 Pounds in 10 Days!,£49.71,￥424.07
Without Shame,£48.27,￥411.79
Watchmen,£58.05,￥495.22
Unlimited Intuition Now,£58.87,￥502.21
Underlying Notes,£11.82,￥100.84
The Shack,£28.03,￥239.12
The New Brand You: Your New Image Makes the Sale for You,£44.05,￥375.79
"The Moosewood Cookbook: Recipes from Moosewood Restaurant, Ithaca, New York",£12.34,￥105.27
The Flowers Lied,£16.68,￥142.30
"The Fabric of the Cosmos: Space, Time, and the Texture of Reality",£55.91,￥476.96
The Book of Mormon,£24.57,￥209.60
The Art and Science of Low Carbohydrate Living,£52.98,￥451.97
The Alien Club,£54.40,￥464.08
Suzie Snowflake: One beautiful flake (a self-esteem story),£54.81,￥467.58
Nap-a-Roo,£25.08,￥213.95
"NaNo What Now? Finding your editing process, revising your NaNoWriMo book and building a writing career through publishing and beyond",£10.41,￥88.81
Modern Day Fables,£47.44,￥404.71
If I Gave You God's Phone Number....: Searching for Spirituality in America,£20.91,￥178.38
"Fruits Basket, Vol. 9 (Fruits Basket #9)",£33.95,￥289.62
Dress Your Family in Corduroy and Denim,£43.68,￥372.63
Don't Forget Steven,£33.23,￥283.48
Chernobyl 01:23:40: The Incredible True Story of the World's Worst Nuclear Disaster,£35.92,￥306.43
Art and Fear: Observations on the Perils (and Rewards) of Artmaking,£48.63,￥414.86
A Shard of Ice (The Black Symphony Saga #1),£56.63,￥483.10
A Hero's Curse (The Unseen Chronicles #1),£50.49,￥430.73
23 Degrees South: A Tropical Tale of Changing Whether...,£35.79,￥305.32
"Zero to One: Notes on Startups, or How to Build the Future",£34.06,￥290.56
Why Not Me?,£17.76,￥151.51
When Breath Becomes Air,£39.36,￥335.78
Vagabonding: An Uncommon Guide to the Art of Long-Term World Travel,£36.94,￥315.13
The Unlikely Pilgrimage of Harold Fry (Harold Fry #1),£43.62,￥372.12
The New Drawing on the Right Side of the Brain,£43.02,￥367.00
"The Midnight Assassin: Panic, Scandal, and the Hunt for America's First Serial Killer",£28.45,￥242.70
The Martian (The Martian #1),£41.39,￥353.09
The High Mountains of Portugal,£51.15,￥436.36
The Grownup,£35.88,￥306.09
The E-Myth Revisited: Why Most Small Businesses Don't Work and What to Do About It,£36.91,￥314.88
South of Sunshine,£28.93,￥246.80
Smarter Faster Better: The Secrets of Being Productive in Life and Business,£38.89,￥331.77
Silence in the Dark (Logan Point #4),£58.33,￥497.61
Shadows of the Past (Logan Point #1),£39.67,￥338.42
Roller Girl,£14.10,￥120.29
Rising Strong,£21.82,￥186.14
Proofs of God: Classical Arguments from Tertullian to Barth,£54.21,￥462.46
Please Kill Me: The Uncensored Oral History of Punk,£31.19,￥266.08
Out of Print: City Lights Spotlight No. 14,£53.64,￥457.60
My Life Next Door (My Life Next Door ),£36.39,￥310.44
Miller's Valley,£58.54,￥499.40
Man's Search for Meaning,£29.48,￥251.49
"Love That Boy: What Two Presidents, Eight Road Trips, and My Son Taught Me About a Parent's Expectations",£25.06,￥213.78
Living Forward: A Proven Plan to Stop Drifting and Get the Life You Want,£12.55,￥107.06
Les Fleurs du Mal,£29.04,￥247.74
Left Behind (Left Behind #1),£40.72,￥347.38
Kill 'Em and Leave: Searching for James Brown and the American Soul,£45.05,￥384.32
Kierkegaard: A Christian Missionary to Christians,£47.13,￥402.06
John Vassos: Industrial Design for Modern Life,£20.22,￥172.49
I'll Give You the Sun,£56.48,￥481.83
I Will Find You,£44.21,￥377.15
Hystopia: A Novel,£21.96,￥187.34
Howl and Other Poems,£40.45,￥345.07
History of Beauty,£10.29,￥87.78
Heaven is for Real: A Little Boy's Astounding Story of His Trip to Heaven and Back,£52.86,￥450.94
Future Shock (Future Shock #1),£55.65,￥474.74
Ender's Game (The Ender Quintet #1),£43.64,￥372.29
Diary of a Citizen Scientist: Chasing Tiger Beetles and Other New Ways of Engaging the World,£28.41,￥242.36
Death by Leisure: A Cautionary Tale,£37.51,￥319.99
Brilliant Beacons: A History of the American Lighthouse,£11.45,￥97.68
Brazen: The Courage to Find the You That's Been Hiding,£19.22,￥163.96
Between the World and Me,£56.91,￥485.49
Being Mortal: Medicine and What Matters in the End,£55.06,￥469.71
"A Murder Over a Girl: Justice, Gender, Junior High",£13.20,￥112.61
32 Yolks,£53.63,￥457.51
"""Most Blessed of the Patriarchs"": Thomas Jefferson and the Empire of the Imagination",£44.48,￥379.45
You Are a Badass: How to Stop Doubting Your Greatness and Start Living an Awesome Life,£12.08,￥103.05
Wildlife of New York: A Five-Borough Coloring Book,£22.14,￥188.87
What Happened on Beale Street (Secrets of the South Mysteries #2),£25.37,￥216.43
Unreasonable Hope: Finding Faith in the God Who Brings Purpose to Your Pain,£46.33,￥395.24
Under the Tuscan Sun,£37.33,￥318.46
Toddlers Are A**holes: It's Not Your Fault,£25.55,￥217.96
The Year of Living Biblically: One Man's Humble Quest to Follow the Bible as Literally as Possible,£34.72,￥296.19
The Whale,£35.96,￥306.77
The Story of Art,£41.14,￥350.96
The Origin of Species,£10.01,￥85.39
The Great Gatsby,£36.05,￥307.54
The Good Girl,£49.03,￥418.27
The Glass Castle,£16.24,￥138.54
The Faith of Christopher Hitchens: The Restless Soul of the World's Most Notorious Atheist,£39.55,￥337.40
The Drowning Girls,£35.67,￥304.30
The Constant Princess (The Tudor Court #1),£16.62,￥141.78
The Bourne Identity (Jason Bourne #1),£42.78,￥364.95
The Bachelor Girl's Guide to Murder (Herringford and Watts Mysteries #1),£52.30,￥446.17
The Art Book,£32.34,￥275.89
The 7 Habits of Highly Effective People: Powerful Lessons in Personal Change,£33.17,￥282.97
Team of Rivals: The Political Genius of Abraham Lincoln,£20.12,￥171.64
Steal Like an Artist: 10 Things Nobody Told You About Being Creative,£20.90,￥178.30
"Sit, Stay, Love",£20.90,￥178.30
Sister Dear,£40.20,￥342.94
"Shrunken Treasures: Literary Classics, Short, Sweet, and Silly",£52.87,￥451.03
"Rich Dad, Poor Dad",£51.74,￥441.39
Raymie Nightingale,£34.41,￥293.55
Playing from the Heart,£32.38,￥276.23
Nightstruck: A Novel,£50.35,￥429.53
"Naturally Lean: 125 Nourishing Gluten-Free, Plant-Based Recipes--All Under 300 Calories",£11.38,￥97.08
Meternity,£43.58,￥371.78
Memoirs of a Geisha,£49.67,￥423.73
Like Never Before (Walker Family #2),£28.77,￥245.43
Life of Pi,£13.22,￥112.78
Leave This Song Behind: Teen Poetry at Its Best,£51.17,￥436.53
King's Folly (The Kinsman Chronicles #1),£39.61,￥337.91
John Adams,£57.43,￥489.93
How to Cook Everything Vegetarian: Simple Meatless Recipes for Great Food (How to Cook Everything),£46.01,￥392.51
How to Be a Domestic Goddess: Baking and the Art of Comfort Cooking,£28.25,￥241.00
Good in Bed (Cannie Shapiro #1),£37.05,￥316.07
"Fruits Basket, Vol. 7 (Fruits Basket #7)",£19.57,￥166.95
For the Love: Fighting for Grace in a World of Impossible Standards,£45.13,￥385.00
Finding God in the Ruins: How God Redeems Pain,£46.64,￥397.88
Every Heart a Doorway (Every Heart A Doorway #1),£12.16,￥103.74
Delivering the Truth (Quaker Midwife Mystery #1),£20.89,￥178.21
Counted With the Stars (Out from Egypt #1),£17.97,￥153.30
"Chronicles, Vol. 1",£52.60,￥448.73
Blue Like Jazz: Nonreligious Thoughts on Christian Spirituality,£25.77,￥219.84
Benjamin Franklin: An American Life,£48.19,￥411.10
"At The Existentialist Café: Freedom, Being, and apricot cocktails with: Jean-Paul Sartre, Simone de Beauvoir, Albert Camus, Martin Heidegger, Edmund Husserl, Karl Jaspers, Maurice Merleau-Ponty and others",£29.93,￥255.33
A Summer In Europe,£44.34,￥378.26
A Short History of Nearly Everything,£52.40,￥447.02
A Gathering of Shadows (Shades of Magic #2),£44.81,￥382.27
The Sound Of Love,£57.84,￥493.43
The Rise and Fall of the Third Reich: A History of Nazi Germany,£39.67,￥338.42
The Perks of Being a Wallflower,£55.02,￥469.37
The Mysterious Affair at Styles (Hercule Poirot #1),£24.80,￥211.57
The Man Who Mistook His Wife for a Hat and Other Clinical Tales,£59.45,￥507.16
The Makings of a Fatherless Child,£31.58,￥269.41
The Joy of Cooking,£43.27,￥369.13
The Invention of Wings,£37.34,￥318.54
The Hobbit (Middle-Earth Universe),£17.80,￥151.85
The Great Railway Bazaar,£30.54,￥260.53
The Golden Compass (His Dark Materials #1),£18.77,￥160.12
The God Delusion,£46.85,￥399.67
The Girl You Left Behind (The Girl You Left Behind #1),£15.79,￥134.70
The Fellowship of the Ring (The Lord of the Rings #1),£10.27,￥87.61
The Collected Poems of W.B. Yeats (The Collected Works of W.B. Yeats #1),£15.42,￥131.55
The Barefoot Contessa Cookbook,£59.92,￥511.17
Tell the Wolves I'm Home,£50.96,￥434.73
Ship Leaves Harbor: Essays on Travel by a Recovering Journeyman,£30.60,￥261.05
Pride and Prejudice,£19.27,￥164.39
Musicophilia: Tales of Music and the Brain,£46.58,￥397.37
Mere Christianity,£48.51,￥413.83
Me Before You (Me Before You #1),£19.02,￥162.26
In the Woods (Dublin Murder Squad #1),£38.38,￥327.42
In Cold Blood,£49.98,￥426.37
How to Stop Worrying and Start Living,£46.49,￥396.60
Give It Back,£18.32,￥156.29
"Girl, Interrupted",£42.14,￥359.49
Fun Home: A Family Tragicomic,£56.59,￥482.76
"Fruits Basket, Vol. 6 (Fruits Basket #6)",£20.96,￥178.81
Deception Point,£40.32,￥343.97
"Death Note, Vol. 6: Give-and-Take (Death Note #6)",£36.39,￥310.44
Catherine the Great: Portrait of a Woman,£58.55,￥499.48
Better Homes and Gardens New Cook Book,£39.61,￥337.91
An Unquiet Mind: A Memoir of Moods and Madness,£21.30,￥181.71
A Year in Provence (Provence #1),£56.88,￥485.24
World Without End (The Pillars of the Earth #2),£32.97,￥281.26
"Will Grayson, Will Grayson (Will Grayson, Will Grayson)",£47.31,￥403.60
Why Save the Bankers?: And Other Essays on Our Economic and Political Crisis,£48.67,￥415.20
Where She Went (If I Stay #2),£41.73,￥355.99
What If?: Serious Scientific Answers to Absurd Hypothetical Questions,£53.68,￥457.94
Two Summers,£14.64,￥124.89
This Is Your Brain on Music: The Science of a Human Obsession,£38.40,￥327.59
The Secret Garden,£15.08,￥128.65
The Raven King (The Raven Cycle #4),£30.57,￥260.79
The Raven Boys (The Raven Cycle #1),£57.74,￥492.57
The Power Greens Cookbook: 140 Delicious Superfood Recipes,£11.05,￥94.27
The Metamorphosis,£28.58,￥243.81
The Mathews Men: Seven Brothers and the War Against Hitler's U-boats,£42.91,￥366.06
The Little Paris Bookshop,£24.73,￥210.97
The Hiding Place,£55.91,￥476.96
The Grand Design,£13.76,￥117.39
The Firm,£45.56,￥388.67
The Fault in Our Stars,£47.22,￥402.83
The False Prince (The Ascendance Trilogy #1),£56.00,￥477.73
The Expatriates,£44.58,￥380.31
The Dream Thieves (The Raven Cycle #2),£34.50,￥294.32
The Darkest Corners,£11.33,￥96.66
The Crossover,£38.77,￥330.74
The 5th Wave (The 5th Wave #1),£11.83,￥100.92
Tell the Wind and Fire,£45.51,￥388.24
Tell Me Three Things,£41.81,￥356.68
Talking to Girls About Duran Duran: One Young Man's Quest for True Love and a Cooler Haircut,£25.15,￥214.55
Siddhartha,£34.22,￥291.93
Shiver (The Wolves of Mercy Falls #1),£16.23,￥138.46
Remember Me?,£11.48,￥97.93
Red Dragon (Hannibal Lecter #1),£23.37,￥199.37
Peak: Secrets from the New Science of Expertise,£16.28,￥138.88
My Mother Was Nuts,£31.63,￥269.83
Mexican Today: New and Rediscovered Recipes for Contemporary Kitchens,£24.91,￥212.50
Maybe Something Beautiful: How Art Transformed a Neighborhood,£22.54,￥192.29
Lola and the Boy Next Door (Anna and the French Kiss #2),£23.63,￥201.59
Logan Kade (Fallen Crest High #5.5),£13.12,￥111.93
Last One Home (New Beginnings #1),£59.98,￥511.68
Killing Floor (Jack Reacher #1),£31.49,￥268.64
Kill the Boy Band,£15.52,￥132.40
Isla and the Happily Ever After (Anna and the French Kiss #3),£48.13,￥410.59
If I Stay (If I Stay #1),£38.13,￥325.28
I Know Why the Caged Bird Sings (Maya Angelou's Autobiography #1),£36.55,￥311.80
Harry Potter and the Deathly Hallows (Harry Potter #7),£23.32,￥198.94
"Fruits Basket, Vol. 5 (Fruits Basket #5)",£16.33,￥139.31
Foundation (Foundation (Publication Order) #1),£32.42,￥276.57
Fool Me Once,£16.96,￥144.68
Find Her (Detective D.D. Warren #8),£22.37,￥190.84
Evicted: Poverty and Profit in the American City,£42.27,￥360.60
Drama,£38.70,￥330.15
Dracula the Un-Dead,£35.63,￥303.96
Digital Fortress,£58.00,￥494.79
"Death Note, Vol. 5: Whiteout (Death Note #5)",£52.41,￥447.10
"Data, A Love Story: How I Gamed Online Dating to Meet My Match",£32.35,￥275.97
Critique of Pure Reason,£20.75,￥177.02
Booked,£17.49,￥149.21
"Blue Lily, Lily Blue (The Raven Cycle #3)",£34.13,￥291.16
Approval Junkie: Adventures in Caring Too Much,£58.81,￥501.70
An Abundance of Katherines,£10.00,￥85.31
America's War for the Greater Middle East: A Military History,£51.22,￥436.95
Alight (The Generations Trilogy #2),£58.59,￥499.83
A Girl's Guide to Moving On (New Beginnings #2),£31.30,￥267.02
A Game of Thrones (A Song of Ice and Fire #1),£46.42,￥396.00
A Feast for Crows (A Song of Ice and Fire #4),£17.21,￥146.82
A Clash of Kings (A Song of Ice and Fire #2),£10.79,￥92.05
Vogue Colors A to Z: A Fashion Coloring Book,£52.35,￥446.59
The Shining (The Shining #1),£27.88,￥237.84
The Pilgrim's Progress,£50.26,￥428.76
The Perfect Play (Play by Play #1),£59.99,￥511.77
The Passion of Dolssa,£28.32,￥241.60
The Jazz of Physics: The Secret Link Between Music and the Structure of the Universe,£38.71,￥330.23
The Hunger Games (The Hunger Games #1),£29.85,￥254.65
The Hound of the Baskervilles (Sherlock Holmes #5),£14.82,￥126.43
The Gunning of America: Business and the Making of American Gun Culture,£16.81,￥143.40
The Geography of Bliss: One Grump's Search for the Happiest Places in the World,£28.23,￥240.83
The Demonists (Demonist #1),£52.11,￥444.55
"The Demon Prince of Momochi House, Vol. 4 (The Demon Prince of Momochi House #4)",£27.88,￥237.84
The Bone Hunters (Lexy Vaughan & Steven Macaulay #2),£59.71,￥509.38
The Beast (Black Dagger Brotherhood #14),£46.08,￥393.10
Some Women,£13.73,￥117.13
Shopaholic Ties the Knot (Shopaholic #3),£48.39,￥412.81
Paper and Fire (The Great Library #2),£49.45,￥421.85
Outlander (Outlander #1),£19.67,￥167.80
"Orchestra of Exiles: The Story of Bronislaw Huberman, the Israel Philharmonic, and the One Thousand Jews He Saved from Nazi Horrors",£12.36,￥105.44
No One Here Gets Out Alive,£20.02,￥170.79
Night Shift (Night Shift #1-20),£12.75,￥108.77
Needful Things,£47.51,￥405.30
Mockingjay (The Hunger Games #3),£20.44,￥174.37
Misery,£34.79,￥296.79
Little Women (Little Women #1),£28.07,￥239.46
It,£25.01,￥213.36
Harry Potter and the Sorcerer's Stone (Harry Potter #1),£13.90,￥118.58
Harry Potter and the Prisoner of Azkaban (Harry Potter #3),£24.17,￥206.19
Harry Potter and the Order of the Phoenix (Harry Potter #5),£31.63,￥269.83
Harry Potter and the Half-Blood Prince (Harry Potter #6),£48.75,￥415.88
Harry Potter and the Chamber of Secrets (Harry Potter #2),£14.74,￥125.75
Gone with the Wind,£32.49,￥277.17
God Is Not Great: How Religion Poisons Everything,£27.80,￥237.16
Girl With a Pearl Earring,£26.77,￥228.37
"Fruits Basket, Vol. 4 (Fruits Basket #4)",£50.44,￥430.30
Far From True (Promise Falls Trilogy #2),£34.93,￥297.98
Dark Lover (Black Dagger Brotherhood #1),£12.87,￥109.79
Confessions of a Shopaholic (Shopaholic #1),£48.94,￥417.50
Changing the Game (Play by Play #2),£13.38,￥114.14
Candide,£58.63,￥500.17
Can You Keep a Secret?,£21.94,￥187.17
Atlas Shrugged,£26.58,￥226.75
Animal Farm,£57.22,￥488.14
A Walk to Remember,£56.43,￥481.40
A New Earth: Awakening to Your Life's Purpose,£55.65,￥474.74
"A History of God: The 4,000-Year Quest of Judaism, Christianity, and Islam",£27.62,￥235.62
'Salem's Lot,£49.56,￥422.79
Zero History (Blue Ant #3),£34.77,￥296.62
Wuthering Heights,£17.73,￥151.25
World War Z: An Oral History of the Zombie War,£21.80,￥185.97
Wild: From Lost to Found on the Pacific Crest Trail,£46.02,￥392.59
"Where'd You Go, Bernadette",£18.13,￥154.67
When You Are Engulfed in Flames,£30.89,￥263.52
We the People: The Modern-Day Figures Who Have Reshaped and Affirmed the Founding Fathers' Vision of America,£31.95,￥272.56
We Are All Completely Beside Ourselves,£24.04,￥205.08
Walk the Edge (Thunder Road #2),£32.36,￥276.06
Voyager (Outlander #3),£21.07,￥179.75
Very Good Lives: The Fringe Benefits of Failure and the Importance of Imagination,£50.66,￥432.18
Vegan Vegetarian Omnivore: Dinner for Everyone at the Table,£13.66,￥116.53
"Unstuffed: Decluttering Your Home, Mind, and Soul",£58.09,￥495.56
Under the Banner of Heaven: A Story of Violent Faith,£30.00,￥255.93
Two Boys Kissing,£32.74,￥279.30
Twilight (Twilight #1),£41.93,￥357.70
Twenties Girl,£42.80,￥365.12
"Trespassing Across America: One Man's Epic, Never-Done-Before (and Sort of Illegal) Hike Across the Heartland",£53.51,￥456.49
Three-Martini Lunch,£23.21,￥198.00
"Thinking, Fast and Slow",£21.14,￥180.34
The Wild Robot,£56.07,￥478.33
"The Wicked + The Divine, Vol. 3: Commercial Suicide (The Wicked + The Divine)",£14.41,￥122.93
The Undomestic Goddess,£45.75,￥390.29
The Travelers,£15.77,￥134.53
The Tipping Point: How Little Things Can Make a Big Difference,£10.02,￥85.48
The Thing About Jellyfish,£48.77,￥416.05
The Stand,£57.86,￥493.60
The Smitten Kitchen Cookbook,£23.59,￥201.24
The Silkworm (Cormoran Strike #2),£23.05,￥196.64
"The Sandman, Vol. 3: Dream Country (The Sandman (volumes) #3)",£55.55,￥473.89
The Rose & the Dagger (The Wrath and the Dawn #2),£58.64,￥500.25
The Road to Little Dribbling: Adventures of an American in Britain (Notes From a Small Island #2),£23.21,￥198.00
The Rise of Theodore Roosevelt (Theodore Roosevelt #1),£42.57,￥363.16
The Restaurant at the End of the Universe (Hitchhiker's Guide to the Galaxy #2),£10.92,￥93.16
The Rest Is Noise: Listening to the Twentieth Century,£34.77,￥296.62
The Red Tent,£35.66,￥304.21
The Purpose Driven Life: What on Earth Am I Here for?,£37.19,￥317.26
The Purest Hook (Second Circle Tattoos #3),£12.25,￥104.50
The Picture of Dorian Gray,£29.70,￥253.37
The Paris Wife,£36.80,￥313.94
The Obsession,£45.43,￥387.56
The Nightingale,£26.26,￥224.02
The New Guy (and Other Senior Year Distractions),£44.92,￥383.21
The Nanny Diaries (Nanny #1),£52.53,￥448.13
The Name of God is Mercy,£37.25,￥317.78
The Maze Runner (The Maze Runner #1),£20.93,￥178.55
The Lover's Dictionary,£58.09,￥495.56
The Lonely Ones,£43.59,￥371.86
The Lean Startup: How Today's Entrepreneurs Use Continuous Innovation to Create Radically Successful Businesses,£33.92,￥289.37
The Last Painting of Sara de Vos,£55.55,￥473.89
"The Land of 10,000 Madonnas",£29.64,￥252.86
The Infinities,£27.41,￥233.83
The Husband's Secret,£52.51,￥447.96
The Hitchhiker's Guide to the Galaxy (Hitchhiker's Guide to the Galaxy #1),£47.80,￥407.78
The Guns of August,£14.54,￥124.04
The Guernsey Literary and Potato Peel Pie Society,£49.53,￥422.54
The Goldfinch,£43.58,￥371.78
The Giver (The Giver Quartet #1),£12.30,￥104.93
The Girl with All the Gifts,£49.47,￥422.02
The Girl Who Played with Fire (Millennium Trilogy #2),£22.14,￥188.87
The Girl Who Kicked the Hornet's Nest (Millennium Trilogy #3),£57.48,￥490.36
The Exiled,£43.45,￥370.67
"The End of Faith: Religion, Terror, and the Future of Reason",£22.13,￥188.79
"The Elegant Universe: Superstrings, Hidden Dimensions, and the Quest for the Ultimate Theory",£13.03,￥111.16
"The Disappearing Spoon: And Other True Tales of Madness, Love, and the History of the World from the Periodic Table of the Elements",£57.35,￥489.25
The Devil Wears Prada (The Devil Wears Prada #1),£44.29,￥377.83
The Demon-Haunted World: Science as a Candle in the Dark,£52.25,￥445.74
The Day the Crayons Came Home (Crayons),£26.33,￥224.62
The Da Vinci Code (Robert Langdon #2),£22.96,￥195.87
The Cuckoo's Calling (Cormoran Strike #1),£19.21,￥163.88
The Complete Stories and Poems (The Works of Edgar Allan Poe [Cameo Edition]),£26.78,￥228.46
The Complete Poems,£41.32,￥352.50
The Catcher in the Rye,£24.55,￥209.43
The Cat in the Hat (Beginner Books B-1),£16.26,￥138.71
The Case for Christ (Cases for Christianity),£47.84,￥408.12
The Book Thief,£53.49,￥456.32
The Book of Basketball: The NBA According to The Sports Guy,£44.84,￥382.53
The Blind Side: Evolution of a Game,£53.71,￥458.19
The Autobiography of Malcolm X,£23.43,￥199.88
"The Art of Simple Food: Notes, Lessons, and Recipes from a Delicious Revolution",£34.32,￥292.78
The Art of Fielding,£22.10,￥188.53
"Surely You're Joking, Mr. Feynman!: Adventures of a Curious Character",£25.83,￥220.35
Stiff: The Curious Lives of Human Cadavers,£36.74,￥313.43
Spilled Milk: Based on a True Story,£49.51,￥422.36
Something Borrowed (Darcy & Rachel #1),£48.96,￥417.67
Something Blue (Darcy & Rachel #2),£54.62,￥465.96
Soldier (Talon #3),£24.72,￥210.88
Shopaholic & Baby (Shopaholic #5),£46.45,￥396.26
Seven Days in the Art World,£52.33,￥446.42
Seven Brief Lessons on Physics,£30.60,￥261.05
Scarlet (The Lunar Chronicles #2),£14.57,￥124.30
Sarah's Key,£46.29,￥394.90
"Saga, Volume 3 (Saga (Collected Editions) #3)",£21.57,￥184.01
Running with Scissors,£12.91,￥110.13
Rogue Lawyer (Rogue Lawyer #1),£50.11,￥427.48
"Rise of the Rocket Girls: The Women Who Propelled Us, from Missiles to the Moon to Mars",£41.67,￥355.48
Rework,£44.88,￥382.87
Reservations for Two,£11.10,￥94.69
Red: The True Story of Red Riding Hood,£28.54,￥243.47
Ready Player One,£19.07,￥162.68
Quiet: The Power of Introverts in a World That Can't Stop Talking,£43.55,￥371.52
Prodigy: The Graphic Novel (Legend: The Graphic Novel #2),£43.63,￥372.20
Persepolis: The Story of a Childhood (Persepolis #1-2),£39.13,￥333.81
Packing for Mars: The Curious Science of Life in the Void,£56.68,￥483.53
Outliers: The Story of Success,£14.16,￥120.80
Original Fake,£31.45,￥268.30
Orange Is the New Black,£24.61,￥209.95
One for the Money (Stephanie Plum #1),£32.87,￥280.41
Notes from a Small Island (Notes From a Small Island #1),£40.17,￥342.69
Night (The Night Trilogy #1),£13.51,￥115.25
Neither Here nor There: Travels in Europe,£38.95,￥332.28
Naked,£31.69,￥270.34
Morning Star (Red Rising #3),£29.40,￥250.81
"Miracles from Heaven: A Little Girl, Her Journey to Heaven, and Her Amazing Story of Healing",£57.83,￥493.34
Midnight Riot (Peter Grant/ Rivers of London - books #1),£55.46,￥473.12
Me Talk Pretty One Day,£57.60,￥491.38
Manuscript Found in Accra,£34.98,￥298.41
Lust & Wonder,£11.87,￥101.26
Lila (Gilead #3),£12.47,￥106.38
"Life, the Universe and Everything (Hitchhiker's Guide to the Galaxy #3)",£33.26,￥283.74
Life Without a Recipe,£59.04,￥503.66
Life After Life,£26.13,￥222.91
Letter to a Christian Nation,£22.20,￥189.39
Let's Pretend This Never Happened: A Mostly True Memoir,£45.11,￥384.83
Legend (Legend #1),£43.69,￥372.72
"Lean In: Women, Work, and the Will to Lead",£25.02,￥213.44
"Lamb: The Gospel According to Biff, Christ's Childhood Pal",£55.50,￥473.46
Lady Renegades (Rebel Belle #3),£53.04,￥452.48
Jurassic Park (Jurassic Park #1),£44.97,￥383.63
It's Never Too Late to Begin Again: Discovering Creativity and Meaning at Midlife and Beyond,£42.38,￥361.54
Is Everyone Hanging Out Without Me? (And Other Concerns),£20.11,￥171.56
Into the Wild,£56.70,￥483.70
Inferno (Robert Langdon #4),£41.00,￥349.77
"In the Garden of Beasts: Love, Terror, and an American Family in Hitler's Berlin",£28.85,￥246.12
If I Run (If I Run #1),£49.97,￥426.29
I've Got Your Number,£19.69,￥167.97
I Am Malala: The Girl Who Stood Up for Education and Was Shot by the Taliban,£28.88,￥246.37
Hungry Girl Clean & Hungry: Easy All-Natural Recipes for Healthy Eating in the Real World,£33.14,￥282.71
"House of Lost Worlds: Dinosaurs, Dynasties, and the Story of Life on Earth",£43.70,￥372.80
House of Leaves,£54.89,￥468.26
Horrible Bear!,£37.52,￥320.08
Holidays on Ice,£51.07,￥435.67
Heir to the Sky,£44.07,￥375.96
Green Eggs and Ham (Beginner Books B-16),£10.79,￥92.05
"Grayson, Vol 3: Nemesis (Grayson #3)",£42.72,￥364.44
Gratitude,£26.66,￥227.43
Gone Girl,£37.60,￥320.76
Golden (Heart of Dread #3),£42.21,￥360.09
Girl in the Blue Coat,£46.83,￥399.50
"Fruits Basket, Vol. 3 (Fruits Basket #3)",£45.17,￥385.34
"Friday Night Lights: A Town, a Team, and a Dream",£51.22,￥436.95
Fire Bound (Sea Haven/Sisters of the Heart #5),£21.28,￥181.54
Fifty Shades Freed (Fifty Shades #3),£15.36,￥131.03
Fellside,£38.62,￥329.46
Extreme Prey (Lucas Davenport #26),£25.40,￥216.68
Eragon (The Inheritance Cycle #1),£43.87,￥374.25
Eclipse (Twilight #3),£18.74,￥159.87
Dune (Dune #1),£54.86,￥468.01
Dracula,£52.62,￥448.90
Do Androids Dream of Electric Sheep? (Blade Runner #1),£51.48,￥439.17
Disrupted: My Misadventure in the Start-Up Bubble,£15.28,￥130.35
Dead Wake: The Last Crossing of the Lusitania,£39.24,￥334.75
"David and Goliath: Underdogs, Misfits, and the Art of Battling Giants",£17.81,￥151.94
Darkfever (Fever #1),£56.02,￥477.90
Dark Places,£23.90,￥203.89
Crazy Rich Asians (Crazy Rich Asians #1),£49.13,￥419.12
Counting Thyme,£10.62,￥90.60
Cosmos,£36.17,￥308.56
Civilization and Its Discontents,£59.95,￥511.43
Cinder (The Lunar Chronicles #1),£26.09,￥222.57
Catastrophic Happiness: Finding Joy in Childhood's Messy Years,£37.35,￥318.63
Career of Evil (Cormoran Strike #3),£24.72,￥210.88
Breaking Dawn (Twilight #4),£35.28,￥300.97
Brave Enough,£51.32,￥437.81
Boy Meets Boy,£21.12,￥180.17
"Born to Run: A Hidden Tribe, Superathletes, and the Greatest Race the World Has Never Seen",£27.35,￥233.32
Blink: The Power of Thinking Without Thinking,£21.74,￥185.46
Black Flags: The Rise of ISIS,£40.87,￥348.66
"Black Butler, Vol. 1 (Black Butler #1)",£49.31,￥420.66
Big Little Lies,£22.11,￥188.62
Between Shades of Gray,£20.79,￥177.36
Best of My Love (Fool's Gold #20),£27.41,￥233.83
Beowulf,£38.35,￥327.16
Beautiful Creatures (Caster Chronicles #1),£21.55,￥183.84
Awkward,£38.02,￥324.34
Ash,£22.06,￥188.19
Are We There Yet?,£10.66,￥90.94
Are We Smart Enough to Know How Smart Animals Are?,£56.58,￥482.68
Annie on My Mind,£36.83,￥314.19
And Then There Were None,£35.01,￥298.67
A Walk in the Woods: Rediscovering America on the Appalachian Trail,£30.48,￥260.02
A Visit from the Goon Squad,£14.08,￥120.12
A Storm of Swords (A Song of Ice and Fire #3),£31.22,￥266.33
A Heartbreaking Work of Staggering Genius,£54.29,￥463.14
8 Keys to Mental Health Through Exercise,£31.04,￥264.80
#GIRLBOSS,£50.96,￥434.73
"The Suffragettes (Little Black Classics, #96)",£11.89,￥101.43
The Sense of an Ending,£31.38,￥267.70
"The Sandman, Vol. 2: The Doll's House (The Sandman (volumes) #2)",£54.81,￥467.58
The Course of Love,£16.78,￥143.15
Sugar Rush (Offensive Line #2),£24.42,￥208.32
"Saga, Volume 2 (Saga (Collected Editions) #2)",£11.75,￥100.24
"Run, Spot, Run: The Ethics of Keeping Pets",£20.02,￥170.79
New Moon (Twilight #2),£12.86,￥109.71
Life,£31.58,￥269.41
Kindle Paperwhite User's Guide,£34.00,￥290.05
H is for Hawk,£57.42,￥489.84
Girl Online On Tour (Girl Online #2),£53.47,￥456.15
"Fruits Basket, Vol. 2 (Fruits Basket #2)",£11.64,￥99.30
Diary of a Minecraft Zombie Book 1: A Scare of a Dare (An Unofficial Minecraft Book),£52.88,￥451.11
"Y: The Last Man, Vol. 1: Unmanned (Y: The Last Man #1)",£18.51,￥157.91
While You Were Mine,£41.32,￥352.50
Where Lightning Strikes (Bleeding Stars #3),£39.77,￥339.27
When I'm Gone,£51.96,￥443.27
Ways of Seeing,£39.51,￥337.06
"Vampire Knight, Vol. 1 (Vampire Knight #1)",£15.40,￥131.38
Vampire Girl (Vampire Girl #1),£53.82,￥459.13
Twenty Love Poems and a Song of Despair,£30.95,￥264.03
Travels with Charley: In Search of America,£57.82,￥493.26
Three Wishes (River of Time: California #1),£44.18,￥376.90
This One Moment (Pushing Limits #1),£48.71,￥415.54
The Zombie Room,£19.69,￥167.97
"The Wicked + The Divine, Vol. 1: The Faust Act (The Wicked + The Divine)",£36.52,￥311.55
The Tumor,£41.56,￥354.54
The Story of Hong Gildong,£43.19,￥368.45
The Silent Wife,£12.34,￥105.27
The Silent Twin (Detective Jennifer Knight #3),£36.25,￥309.25
The Selfish Gene,£29.45,￥251.24
The Secret Healer,£34.56,￥294.83
"The Sandman, Vol. 1: Preludes and Nocturnes (The Sandman (volumes) #1)",£54.12,￥461.69
The Republic,£33.78,￥288.17
The Odyssey,£29.64,￥252.86
The No. 1 Ladies' Detective Agency (No. 1 Ladies' Detective Agency #1),£57.70,￥492.23
The Nicomachean Ethics,£36.34,￥310.01
The Name of the Wind (The Kingkiller Chronicle #1),£50.59,￥431.58
The Mirror & the Maze (The Wrath and the Dawn #1.5),£29.38,￥250.64
The Little Prince,£45.42,￥387.47
The Light of the Fireflies,£54.43,￥464.34
The Last Girl (The Dominion Trilogy #1),£36.26,￥309.33
The Iliad,£16.16,￥137.86
The Hook Up (Game On #1),£36.29,￥309.59
The Haters,£27.89,￥237.93
The Girl You Lost,£12.29,￥104.84
The Girl In The Ice (DCI Erika Foster #1),£15.85,￥135.21
The End of the Jesus Era (An Investigation #1),£14.40,￥122.84
The Edge of Reason (Bridget Jones #2),£19.18,￥163.62
The Complete Maus (Maus #1-2),£10.64,￥90.77
The Communist Manifesto,£14.76,￥125.92
The Bhagavad Gita,£57.49,￥490.44
The Bette Davis Club,£30.66,￥261.56
The Art of Not Breathing,£40.83,￥348.32
Taking Shots (Assassins #1),£18.88,￥161.06
Starlark,£25.83,￥220.35
"Skip Beat!, Vol. 01 (Skip Beat! #1)",£42.12,￥359.32
Sister Sable (The Mad Queen #1),£13.33,￥113.72
Shatter Me (Shatter Me #1),£42.40,￥361.71
Shameless,£58.35,￥497.78
Shadow Rites (Jane Yellowrock #10),£21.72,￥185.29
Settling the Score (The Summer Games #1),£44.91,￥383.12
Sense and Sensibility,£37.46,￥319.57
"Saga, Volume 1 (Saga (Collected Editions) #1)",£28.48,￥242.96
"Rhythm, Chord & Malykhin",£28.34,￥241.77
"Rat Queens, Vol. 1: Sass & Sorcery (Rat Queens (Collected Editions) #1-5)",£46.96,￥400.61
Paradise Lost (Paradise #1),£24.96,￥212.93
"Paper Girls, Vol. 1 (Paper Girls #1-5)",£21.71,￥185.21
"Ouran High School Host Club, Vol. 1 (Ouran High School Host Club #1)",£29.87,￥254.82
Origins (Alphas 0.5),£28.99,￥247.31
One Second (Seven #7),£52.94,￥451.63
On the Road (Duluoz Legend),£32.36,￥276.06
Old Records Never Die: One Man's Quest for His Vinyl and His Past,£55.66,￥474.83
Off Sides (Off #1),£39.45,￥336.54
Of Mice and Men,£47.11,￥401.89
Myriad (Prentor #1),£58.75,￥501.19
My Perfect Mistake (Over the Top #1),£38.92,￥332.02
"Ms. Marvel, Vol. 1: No Normal (Ms. Marvel (2014-2015) #1)",£39.39,￥336.03
Meditations,£25.89,￥220.87
Matilda,£28.34,￥241.77
Lost Among the Living,£27.70,￥236.31
Lord of the Flies,£24.89,￥212.33
Listen to Me (Fusion #1),£58.99,￥503.24
Kitchens of the Great Midwest,£57.20,￥487.97
Jane Eyre,£38.43,￥327.84
Imperfect Harmony,£34.74,￥296.36
Icing (Aces Hockey #2),£40.44,￥344.99
"Hawkeye, Vol. 1: My Life as a Weapon (Hawkeye #1)",£45.24,￥385.94
Having the Barbarian's Baby (Ice Planet Barbarians #7.5),£34.96,￥298.24
"Giant Days, Vol. 1 (Giant Days #1-4)",£56.76,￥484.21
"Fruits Basket, Vol. 1 (Fruits Basket #1)",£40.28,￥343.62
Frankenstein,£38.00,￥324.17
Forever Rockers (The Rocker #12),£28.80,￥245.69
Fighting Fate (Fighting #6),£39.24,￥334.75
Emma,£32.93,￥280.92
"Eat, Pray, Love",£51.32,￥437.81
Deep Under (Walker Security #1),£47.09,￥401.72
Choosing Our Religion: The Spiritual Lives of America's Nones,£28.42,￥242.45
Charlie and the Chocolate Factory (Charlie Bucket #1),£22.85,￥194.93
Charity's Cross (Charles Towne Belles #4),£41.24,￥351.81
Bright Lines,£39.07,￥333.30
Bridget Jones's Diary (Bridget Jones #1),£29.82,￥254.39
Bounty (Colorado Mountain #7),£37.26,￥317.86
Blood Defense (Samantha Brinkman #1),£20.30,￥173.18
"Bleach, Vol. 1: Strawberry and the Soul Reapers (Bleach #1)",£34.65,￥295.60
Beyond Good and Evil,£43.38,￥370.07
Alice in Wonderland (Alice's Adventures in Wonderland #1),£55.53,￥473.72
"Ajin: Demi-Human, Volume 1 (Ajin: Demi-Human #1)",£57.06,￥486.77
A Spy's Devotion (The Regency Spies of London #1),£16.97,￥144.77
1st to Die (Women's Murder Club #1),£53.98,￥460.50
"1,000 Places to See Before You Die",£26.08,￥222.49
